[
    {
        "eid": 101,
        "employee_name": "Ramu",
        "email": "ramu@gmail.com",
        "salary": 25000,
        "gender": "Male",
        "img_path": "../assets/img/male.jpg"
    },
    {
        "eid": 102,
        "employee_name": "Lakshmi",
        "email": "lakshmi@gmail.com",
        "salary": 26000,
        "gender": "Female",
        "img_path": "../assets/img/female.jpg"
    },
    {
        "eid": 103,
        "employee_name": "Vijay",
        "email": "vijay@gmail.com",
        "salary": 24000,
        "gender": "Male",
        "img_path": "../assets/img/male.jpg"
    },
    {
        "eid": 104,
        "employee_name": "Lalita",
        "email": "lalita@gmail.com",
        "salary": 22000,
        "gender": "Female",
        "img_path": "../assets/img/female.jpg"
    },
    {
        "eid": 105,
        "employee_name": "Mahesh",
        "email": "mahesh@gmail.com",
        "salary": 40000,
        "gender": "Male",
        "img_path": "../assets/img/male.jpg"
    },
    {
        "eid": 106,
        "employee_name": "Bharath",
        "email": "bharath@gmail.com",
        "salary": 32000,
        "gender": "Male",
        "img_path": "../assets/img/male.jpg"
    }
]